Discovery_Method,Discovery_Facility,Host_Star,Discovery_Year
Transit,Kepler,Kepler-138,2014
Transit,Transiting Exoplanet Survey Satellite (TESS),TIC 139270665,2024
Transit,Transiting Exoplanet Survey Satellite (TESS),TOI-3819,2023
Radial Velocity,La Silla Observatory,HD 136352,2019
Transit,HATNet,HAT-P-68,2020
Radial Velocity,La Silla Observatory,HD 136352,2019
Transit,Transiting Exoplanet Survey Satellite (TESS),TOI-6016,2024
Transit,Transiting Exoplanet Survey Satellite (TESS),TOI-1064,2022
Transit,Transiting Exoplanet Survey Satellite (TESS),TOI-4438,2024
Transit,Transiting Exoplanet Survey Satellite (TESS),TOI-5293 A,2023
Transit,Cerro Tololo Inter-American Observatory,GJ 1132,2015
Transit,Transiting Exoplanet Survey Satellite (TESS),TOI-132,2020
Transit,Transiting Exoplanet Survey Satellite (TESS),TOI-1295,2024
Transit,Transiting Exoplanet Survey Satellite (TESS),TOI-1416,2023
Transit,Transiting Exoplanet Survey Satellite (TESS),TOI-2641,2023
Transit,Transiting Exoplanet Survey Satellite (TESS),TOI-4087,2023
Transit,HATNet,HAT-P-63,2021
Transit,Transiting Exoplanet Survey Satellite (TESS),HD 1397,2018
Transit,Next-Generation Transit Survey (NGTS),NGTS-1,2017
Transit,Transiting Exoplanet Survey Satellite (TESS),HD 23472,2019
Transit,K2,K2-292,2019
Transit,K2,K2-3,2015
Transit,K2,K2-329,2020
Transit,Transiting Exoplanet Survey Satellite (TESS),TOI-1695,2022
Transit,Transiting Exoplanet Survey Satellite (TESS),TOI-2196,2022
Transit,Kepler,Kepler-849,2016
Transit,Transiting Exoplanet Survey Satellite (TESS),TOI-2010,2023
Transit,HATNet,HAT-P-25,2010
Transit,Transiting Exoplanet Survey Satellite (TESS),HD 202772 A,2019
Transit,Transiting Exoplanet Survey Satellite (TESS),TOI-2095,2023
Transit,Transiting Exoplanet Survey Satellite (TESS),TOI-3364,2023
Transit,Transiting Exoplanet Survey Satellite (TESS),TOI-5688 A,2024
Transit,Next-Generation Transit Survey (NGTS),NGTS-15,2021
Transit,HATSouth,HATS-17,2016
Transit,HATSouth,HATS-60,2018
Transit,HATSouth,HATS-75,2021
Transit,Transiting Exoplanet Survey Satellite (TESS),HD 23472,2019
Transit,Transiting Exoplanet Survey Satellite (TESS),TOI-1759,2022
Transit,HATSouth,HATS-76,2021
Transit,Transiting Exoplanet Survey Satellite (TESS),HD 20329,2022
Transit,Next-Generation Transit Survey (NGTS),NGTS-9,2019
Transit,Transiting Exoplanet Survey Satellite (TESS),TOI-4994,2024
Transit,Transiting Exoplanet Survey Satellite (TESS),TOI-125,2019
Transit,Transiting Exoplanet Survey Satellite (TESS),TOI-4791,2023
Radial Velocity,Roque de los Muchachos Observatory,HD 219134,2015
Transit,Transiting Exoplanet Survey Satellite (TESS),TOI-2458,2024
Transit,HATSouth,HATS-72,2020
Transit,Transiting Exoplanet Survey Satellite (TESS),TOI-169,2020
Transit,Next-Generation Transit Survey (NGTS),NGTS-26,2024
Transit,Transiting Exoplanet Survey Satellite (TESS),HD 73583,2022
Transit,Transiting Exoplanet Survey Satellite (TESS),TIC 393818343,2024
Transit,HATNet,HAT-P-59,2021
Transit,KELT-North,KELT-24,2019
Transit,Transiting Exoplanet Survey Satellite (TESS),TOI-2384,2024
Transit,Transiting Exoplanet Survey Satellite (TESS),TOI-3912,2023
Transit,HATSouth,HATS-38,2020
Transit,K2,K2-140,2017
Transit,Transiting Exoplanet Survey Satellite (TESS),TOI-1728,2020
Transit,Transiting Exoplanet Survey Satellite (TESS),TOI-1173,2024
Transit,HATSouth,HATS-68,2018
Transit,K2,K2-285,2018
Transit,Transiting Exoplanet Survey Satellite (TESS),TOI-2796,2023
Transit,Transiting Exoplanet Survey Satellite (TESS),TOI-4127,2023
Transit,Transiting Exoplanet Survey Satellite (TESS),Gliese 12,2024
Transit,Transiting Exoplanet Survey Satellite (TESS),TOI-5205,2023
Transit,Transiting Exoplanet Survey Satellite (TESS),TOI-3714,2022
Transit,Transiting Exoplanet Survey Satellite (TESS),TOI-1266,2020
Transit,Transiting Exoplanet Survey Satellite (TESS),TOI-2587 A,2023
Transit,Transiting Exoplanet Survey Satellite (TESS),HD 260655,2022
Transit,Transiting Exoplanet Survey Satellite (TESS),TOI-2120,2024
Transit,K2,K2-285,2018
Transit,Transiting Exoplanet Survey Satellite (TESS),HD 110113,2021
Transit,Transiting Exoplanet Survey Satellite (TESS),TOI-172,2019
Transit,Kepler,Kepler-553,2016
Transit,Next-Generation Transit Survey (NGTS),NGTS-18,2021
Transit,Transiting Exoplanet Survey Satellite (TESS),TOI-2134,2023
Transit,Transiting Exoplanet Survey Satellite (TESS),TOI-406,2024
Transit,Transiting Exoplanet Survey Satellite (TESS),HD 191939,2020
Transit,Transiting Exoplanet Survey Satellite (TESS),TOI-269,2021
Transit,Transiting Exoplanet Survey Satellite (TESS),TOI-4137,2022
Transit,Transiting Exoplanet Survey Satellite (TESS),TOI-4145 A,2023
Transit,Transiting Exoplanet Survey Satellite (TESS),TOI-1064,2022
Transit,Transiting Exoplanet Survey Satellite (TESS),TOI-257,2021
Transit,Transiting Exoplanet Survey Satellite (TESS),TOI-3261,2024
Transit,Transiting Exoplanet Survey Satellite (TESS),TOI-4010,2023
Transit,Transiting Exoplanet Survey Satellite (TESS),TOI-406,2024
Transit,K2,K2-419 A,2024
Transit,K2,K2-3,2015
Transit,Transiting Exoplanet Survey Satellite (TESS),TOI-2000,2023
Transit,Transiting Exoplanet Survey Satellite (TESS),TOI-4860,2023
Transit,Transiting Exoplanet Survey Satellite (TESS),TOI-181,2023
Transit,Transiting Exoplanet Survey Satellite (TESS),TOI-3807,2023
Transit,Transiting Exoplanet Survey Satellite (TESS),TOI-2000,2023
Transit,K2,HIP 116454,2014
Transit,Next-Generation Transit Survey (NGTS),NGTS-16,2021
Transit,Transiting Exoplanet Survey Satellite (TESS),TOI-4010,2023
Transit,Kepler,Kepler-138,2014
Transit,KELT-North,KELT-23 A,2019
Transit,Transiting Exoplanet Survey Satellite (TESS),TOI-3331 A,2022
Transit,K2,K2-66,2016
Radial Velocity,Roque de los Muchachos Observatory,HD 219134,2015
Transit,Transiting Exoplanet Survey Satellite (TESS),TOI-561,2020
Transit,HATNet,HAT-P-9,2008
Transit,Transiting Exoplanet Survey Satellite (TESS),TOI-3757,2022
Transit,HATSouth,HATS-59,2018
Transit,Transiting Exoplanet Survey Satellite (TESS),HD 5278,2021
Transit,Transiting Exoplanet Survey Satellite (TESS),TOI-1107,2022
Transit,Kepler,Kepler-1514,2016
Transit,Transiting Exoplanet Survey Satellite (TESS),TOI-1420,2023
Transit,HATSouth,HATS-69,2018
Transit,K2,K2-27,2016
Transit,Kepler,Kepler-1654,2018
Transit,Transiting Exoplanet Survey Satellite (TESS),TOI-1260,2022
Transit,Transiting Exoplanet Survey Satellite (TESS),HD 191939,2020
Transit,Transiting Exoplanet Survey Satellite (TESS),TOI-4010,2023
Transit,HATSouth,HATS-62,2018
Transit,KELT-North,KELT-18,2017
Radial Velocity,Multiple Observatories,TOI-238,2024
Transit,HATNet,HAT-P-61,2021
Transit,K2,K2-285,2018
Transit,Transiting Exoplanet Survey Satellite (TESS),TOI-2095,2023
Transit,Transiting Exoplanet Survey Satellite (TESS),TOI-2364,2023
Transit,Transiting Exoplanet Survey Satellite (TESS),TOI-5218,2024
Transit,Transiting Exoplanet Survey Satellite (TESS),TOI-1231,2021
Transit,Transiting Exoplanet Survey Satellite (TESS),TOI-3884,2022
Transit,Transiting Exoplanet Survey Satellite (TESS),TOI-622,2023
Radial Velocity,La Silla Observatory,HD 136352,2019
Radial Velocity,Las Campanas Observatory,HD 95338,2020
Transit,Transiting Exoplanet Survey Satellite (TESS),TOI-2207,2022
Transit,Transiting Exoplanet Survey Satellite (TESS),TOI-1448,2024
Transit,Transiting Exoplanet Survey Satellite (TESS),TOI-3984 A,2023
Transit,Transiting Exoplanet Survey Satellite (TESS),HD 73583,2022
Transit,HATSouth,HATS-65,2018
Transit,K2,EPIC 249893012,2020
Transit,Transiting Exoplanet Survey Satellite (TESS),TOI-564,2020
Transit,HATNet,HAT-P-62,2021
Transit,HATSouth,HATS-63,2018
Transit,Transiting Exoplanet Survey Satellite (TESS),TOI-1260,2021
Transit,Transiting Exoplanet Survey Satellite (TESS),TOI-561,2020
Transit,Next-Generation Transit Survey (NGTS),NGTS-8,2019
Transit,Transiting Exoplanet Survey Satellite (TESS),TOI-500,2022
Transit,Transiting Exoplanet Survey Satellite (TESS),HD 207496,2023
Radial Velocity,Multiple Observatories,HD 219134,2015
Transit,Transiting Exoplanet Survey Satellite (TESS),TOI-3023,2023
Transit,Next-Generation Transit Survey (NGTS),NGTS-17,2021
Transit,K2,K2-266,2018
Transit,K2,K2-25,2015
Transit,K2,K2-266,2018
Transit,Transiting Exoplanet Survey Satellite (TESS),TOI-4201,2023
Transit,Transiting Exoplanet Survey Satellite (TESS),TOI-5344,2023
Transit,Transiting Exoplanet Survey Satellite (TESS),TOI-1266,2020
Transit,HATSouth,HATS-37 A,2020
Transit,HATSouth,HATS-77,2021
Transit,Transiting Exoplanet Survey Satellite (TESS),L 98-59,2019
Transit,Transiting Exoplanet Survey Satellite (TESS),TOI-4463 A,2023
Transit,K2,K2-100,2016
Transit,Kepler,PH2,2013
Transit,Transiting Exoplanet Survey Satellite (TESS),TOI-3629,2022
Transit,Transiting Exoplanet Survey Satellite (TESS),LTT 3780,2020
Transit,Transiting Exoplanet Survey Satellite (TESS),TOI-6130,2024
Transit,Transiting Exoplanet Survey Satellite (TESS),TOI-2180,2022
Transit,Transiting Exoplanet Survey Satellite (TESS),TOI-2236,2022
Transit,Transiting Exoplanet Survey Satellite (TESS),TOI-5616,2024
Transit,HATNet,HAT-P-60,2021
Transit,HATSouth,HATS-49,2020
Transit,K2,EPIC 249893012,2020
Transit,Transiting Exoplanet Survey Satellite (TESS),TOI-1062,2021
Transit,Transiting Exoplanet Survey Satellite (TESS),TOI-125,2019
Transit,Transiting Exoplanet Survey Satellite (TESS),TOI-1260,2021
Transit,HATNet,HAT-P-58,2021
Transit,Transiting Exoplanet Survey Satellite (TESS),TOI-532,2021
Transit,K2,EPIC 249893012,2020
Transit,HATSouth,HATS-61,2018
Transit,Transiting Exoplanet Survey Satellite (TESS),TOI-157,2020
Transit,Acton Sky Portal Observatory,KPS-1,2018
Transit,Kepler,Kepler-1704,2013
Transit,Transiting Exoplanet Survey Satellite (TESS),L 98-59,2019
Transit,Transiting Exoplanet Survey Satellite (TESS),TOI-1201,2021
Transit,Kepler,Kepler-111,2014
Transit,Transiting Exoplanet Survey Satellite (TESS),TOI-1221,2023
Transit,K2,K2-285,2018
Radial Velocity,Roque de los Muchachos Observatory,HD 219134,2015
Transit,Transiting Exoplanet Survey Satellite (TESS),TOI-3693,2022
Transit,Transiting Exoplanet Survey Satellite (TESS),TOI-1937 A,2023
Transit,Transiting Exoplanet Survey Satellite (TESS),TOI-3785,2023
Transit,HATSouth,HATS-66,2018
Transit,Transiting Exoplanet Survey Satellite (TESS),TOI-2803 A,2023
Transit,Transiting Exoplanet Survey Satellite (TESS),TOI-2818,2023
Transit,Transiting Exoplanet Survey Satellite (TESS),TOI-2567,2022
Transit,Transiting Exoplanet Survey Satellite (TESS),TOI-561,2020
Transit,K2,EPIC 201595106,2021
Transit,Transiting Exoplanet Survey Satellite (TESS),GJ 3929,2022
Radial Velocity,Calar Alto Observatory,GJ 486,2021
Transit,Transiting Exoplanet Survey Satellite (TESS),TOI-125,2020
Transit,K2,G 9-40,2019
Transit,Transiting Exoplanet Survey Satellite (TESS),TOI-1452,2022
Transit,Transiting Exoplanet Survey Satellite (TESS),TOI-2421,2022
Transit,Transiting Exoplanet Survey Satellite (TESS),TOI-6034,2024
Transit,Transiting Exoplanet Survey Satellite (TESS),TOI-3976 A,2023
Transit,K2,K2-3,2015
Transit,Transiting Exoplanet Survey Satellite (TESS),TOI-2580,2024
Transit,K2,K2-216,2018
Transit,HATSouth,HATS-48 A,2020
Transit,Transiting Exoplanet Survey Satellite (TESS),TOI-1899,2020
Transit,Transiting Exoplanet Survey Satellite (TESS),HD 260655,2022
Transit,Transiting Exoplanet Survey Satellite (TESS),NGTS-27,2024
Transit,Transiting Exoplanet Survey Satellite (TESS),TOI-3688 A,2023
Transit,HATSouth,HATS-74 A,2021
Transit,Transiting Exoplanet Survey Satellite (TESS),TOI-2015,2023
Transit,Transiting Exoplanet Survey Satellite (TESS),TOI-2583 A,2023
Transit,HATSouth,HATS-47,2020
Transit,Transiting Exoplanet Survey Satellite (TESS),TOI-561,2020
Transit,Transiting Exoplanet Survey Satellite (TESS),HD 191939,2020
Transit,Transiting Exoplanet Survey Satellite (TESS),GJ 3473,2020
Transit,Transiting Exoplanet Survey Satellite (TESS),LTT 3780,2020
Transit,Next-Generation Transit Survey (NGTS),NGTS-12,2020
Transit,Transiting Exoplanet Survey Satellite (TESS),TOI-2570,2022
Transit,Transiting Exoplanet Survey Satellite (TESS),TOI-2842,2023
Transit,Transiting Exoplanet Survey Satellite (TESS),TOI-2379,2024
Transit,Next-Generation Transit Survey (NGTS),NGTS-13,2021
Transit,Transiting Exoplanet Survey Satellite (TESS),TOI-2134,2023
Transit,Transiting Exoplanet Survey Satellite (TESS),TOI-2136,2022
Transit,Transiting Exoplanet Survey Satellite (TESS),TOI-5542,2022
Transit,Transiting Exoplanet Survey Satellite (TESS),TOI-5634 A,2024
Transit,Transiting Exoplanet Survey Satellite (TESS),TOI-674,2021
Transit,Transiting Exoplanet Survey Satellite (TESS),TOI-6651,2024
Transit,SuperWASP,WASP-18,2009
Transit,SuperWASP-South,WASP-132,2016
Transit,Transiting Exoplanet Survey Satellite (TESS),TOI-905,2020
Transit,WASP-South,WASP-193,2023
Transit,Transiting Exoplanet Survey Satellite (TESS),TOI-908,2023
Transit,Transiting Exoplanet Survey Satellite (TESS),TOI-858 B,2023
Transit,Transiting Exoplanet Survey Satellite (TESS),TOI-815,2024
Transit,Transiting Exoplanet Survey Satellite (TESS),TOI-782,2024
Transit,Transiting Exoplanet Survey Satellite (TESS),TOI-815,2024
Transit,SuperWASP,WASP-19,2009
Transit,XO,XO-7,2019
Transit,SuperWASP-South,WASP-174,2018
Transit,WASP-South,WASP-166,2019
Transit,Transiting Exoplanet Survey Satellite (TESS),Wolf 327,2024
Transit,Transiting Exoplanet Survey Satellite (TESS),TOI-836,2023
Transit,Transiting Exoplanet Survey Satellite (TESS),TOI-836,2023
Transit,SuperWASP,WASP-77 A,2012
Transit,Transiting Exoplanet Survey Satellite (TESS),TOI-733,2023
Transit,Transiting Exoplanet Survey Satellite (TESS),TOI-954,2020
Transit,SuperWASP,WASP-153,2017
Transit,Transiting Exoplanet Survey Satellite (TESS),WASP-132,2022
Transit,Multiple Observatories,HD 110067,2023
Transit,Kepler,Kepler-80,2012
Transit,CoRoT,CoRoT-31,2020
Transit,K2,K2-233,2018
Transit,Transiting Exoplanet Survey Satellite (TESS),TOI-2524,2023
Transit,CoRoT,CoRoT-8,2010
Transit,Kepler,Kepler-305,2014
Transit,Kepler,Kepler-413,2014
Transit,OGLE,OGLE-TR-113,2004
Transit,Transiting Exoplanet Survey Satellite (TESS),TOI-1749,2021
Transit,HATNet,HAT-P-1,2006
Transit,Kepler,KOI-94,2013
Transit,Kepler,Kepler-18,2011
Transit,Kepler,Kepler-79,2014
Transit,CoRoT,CoRoT-6,2009
Transit,Kepler,Kepler-426,2014
Transit,Kepler,Kepler-44,2011
Transit,Kepler,Kepler-97,2014
Transit,Qatar,Qatar-6,2017
Transit,HATNet,HAT-P-24,2010
Transit,HATNet,HAT-P-54,2015
Transit,K2,K2-32,2016
Transit,Next-Generation Transit Survey (NGTS),NGTS-23,2022
Transit,Qatar,Qatar-2,2011
Transit,Transiting Exoplanet Survey Satellite (TESS),TOI-2337,2022
Transit,Transiting Exoplanet Survey Satellite (TESS),TOI-2525,2023
Transit,CoRoT,CoRoT-16,2011
Transit,Transiting Exoplanet Survey Satellite (TESS),GJ 1252,2020
Transit,Transiting Exoplanet Survey Satellite (TESS),HD 15337,2019
Transit,Transiting Exoplanet Survey Satellite (TESS),GJ 143,2019
Transit,K2,K2-261,2018
Transit,Transiting Exoplanet Survey Satellite (TESS),TOI-1298,2021
Transit,Transiting Exoplanet Survey Satellite (TESS),TOI-1669,2024
Transit,Transiting Exoplanet Survey Satellite (TESS),TOI-2025,2022
Transit,Transiting Exoplanet Survey Satellite (TESS),TOI-2158,2022
Transit,Transiting Exoplanet Survey Satellite (TESS),TOI-2285,2021
Transit,Transiting Exoplanet Survey Satellite (TESS),TOI-3321,2024
Transit,CoRoT,CoRoT-30,2020
Transit,K2,K2-290,2019
Transit,K2,K2-30,2016
Transit,Kepler,Kepler-106,2014
Transit,Kepler,Kepler-7,2009
Transit,Transiting Exoplanet Survey Satellite (TESS),TOI-1751,2024
Transit,Transiting Exoplanet Survey Satellite (TESS),TOI-2368,2024
Transit,Transiting Exoplanet Survey Satellite (TESS),TOI-558,2021
Transit,CoRoT,CoRoT-24,2014
Transit,Kepler,Kepler-99,2014
Transit,Next-Generation Transit Survey (NGTS),NGTS-5,2019
Transit,Transiting Exoplanet Survey Satellite (TESS),TOI-1246,2022
Transit,Transiting Exoplanet Survey Satellite (TESS),TOI-329,2024
Transit,CoRoT,CoRoT-11,2010
Transit,HATSouth,HATS-46,2018
Transit,CoRoT,CoRoT-1,2008
Transit,CoRoT,CoRoT-22,2014
Transit,Kepler,Kepler-100,2014
Transit,Transiting Exoplanet Survey Satellite (TESS),HD 21520,2024
Transit,K2,HD 3167,2016
Transit,K2,K2-222,2018
Transit,Kepler,Kepler-20,2011
Transit,Kepler,Kepler-20,2011
Transit,Transiting Exoplanet Survey Satellite (TESS),NGTS-11,2020
Transit,Transiting Exoplanet Survey Satellite (TESS),TOI-5678,2023
Transit,K2,K2-138,2021
Transit,Kepler,KOI-3503,2021
Transit,Kepler,Kepler-51,2012
Transit,CoRoT,CoRoT-12,2010
Transit,HATSouth,HATS-24,2017
Transit,K2,K2-132,2017
Transit,Kepler,Kepler-68,2013
Transit,Next-Generation Transit Survey (NGTS),NGTS-21,2022
Transit,Transiting Exoplanet Survey Satellite (TESS),TIC 4672985,2024
Transit,Multiple Observatories,TOI-178,2021
Transit,K2,K2-60,2016
Radial Velocity,La Silla Observatory,HD 114082,2022
Transit,Transiting Exoplanet Survey Satellite (TESS),TOI-2152,2023
Transit,K2,K2-138,2017
Transit,HATNet,HAT-P-53,2015
Transit,Transiting Exoplanet Survey Satellite (TESS),TIC 365102760,2024
Transit,HATNet,HAT-P-12,2009
Transit,Kepler,Kepler-553,2016
Transit,Transiting Exoplanet Survey Satellite (TESS),LHS 1815,2020
Transit,Transiting Exoplanet Survey Satellite (TESS),TOI-3235,2023
Transit,HATNet,HAT-P-23,2010
Transit,Kepler,Kepler-129,2014
Transit,Next-Generation Transit Survey (NGTS),NGTS-3 A,2018
Transit,Transiting Exoplanet Survey Satellite (TESS),TOI-519,2021
Transit,K2,K2-232,2018
Transit,Transiting Exoplanet Survey Satellite (TESS),TOI-2714,2024
Transit,HATNet,HAT-P-7,2008
Transit,HATSouth,HATS-51,2017
Transit,K2,HD 137496,2021
Transit,Kepler,Kepler-51,2014
Transit,Kepler,Kepler-1655,2018
Transit,Kepler,Kepler-52,2012
Transit,Transiting Exoplanet Survey Satellite (TESS),TOI-4515,2024
Transit,HATSouth,HATS-32,2016
Transit,HATSouth,HATS-54,2019
Transit,Transiting Exoplanet Survey Satellite (TESS),HD 152843,2021
Transit,Kepler,Kepler-131,2014
Transit,Transiting Exoplanet Survey Satellite (TESS),TOI-5153,2022
Radial Velocity,Paranal Observatory,HD 42813,2023
Transit,Transiting Exoplanet Survey Satellite (TESS),HIP 9618,2023
Radial Velocity,Multiple Observatories,HD 63935,2021
Transit,K2,K2-138,2017
Transit,Kepler,Kepler-113,2014
Transit,Qatar,Qatar-10,2019
Transit,Transiting Exoplanet Survey Satellite (TESS),TOI-421,2020
Transit,CoRoT,CoRoT-23,2011
Transit,HATSouth,HATS-71,2020
Transit,HATNet,HAT-P-5,2007
Transit,HATNet,HAT-P-6,2007
Radial Velocity,Multiple Observatories,HD 80606,2001
Transit,Transiting Exoplanet Survey Satellite (TESS),TOI-1272,2022
Transit,Transiting Exoplanet Survey Satellite (TESS),TOI-1422,2022
Transit,Transiting Exoplanet Survey Satellite (TESS),TOI-6029,2024
Transit,K2,HD 80653,2020
Transit,CoRoT,CoRoT-25,2013
Transit,Kepler,Kepler-18,2011
Transit,Kepler,Kepler-31,2011
Transit,Transiting Exoplanet Survey Satellite (TESS),TOI-1824,2024
Transit,HATSouth,HATS-55,2019
Transit,Kepler,Kepler-11,2010
Transit,Kepler,Kepler-1513,2016
Transit,Transiting Exoplanet Survey Satellite (TESS),TOI-2416,2023
Transit,K2,HD 106315,2017
Transit,Multiple Observatories,HD 110067,2023
Transit,K2,K2-19,2016
Transit,Kepler,Kepler-424,2014
Transit,Kepler,Kepler-11,2010
Transit,Transiting Exoplanet Survey Satellite (TESS),TOI-1246,2022
Transit,Transiting Exoplanet Survey Satellite (TESS),TOI-1775,2024
Transit,Multiple Observatories,HATS-18,2016
Transit,K2,K2-110,2017
Transit,K2,K2-260,2018
Transit,Kepler,Kepler-101,2014
Transit,Kepler,Kepler-323,2014
Transit,Kepler,Kepler-4,2009
Transit,K2,K2-417,2023
Transit,Transiting Exoplanet Survey Satellite (TESS),TIC 237913194,2020
Transit,Transiting Exoplanet Survey Satellite (TESS),TOI-1836,2024
Transit,HATNet,HAT-P-21,2010
Transit,Kepler,Kepler-307,2013
Transit,Transiting Exoplanet Survey Satellite (TESS),TOI-1478,2021
Transit,European Space Agency (ESA) Gaia Satellite,Gaia-1,2022
Transit,HATNet,HAT-P-20,2010
Transit,Kepler,Kepler-87,2013
Transit,Transiting Exoplanet Survey Satellite (TESS),TOI-1268,2022
Transit,Transiting Exoplanet Survey Satellite (TESS),TOI-3362,2021
Transit,CoRoT,CoRoT-9,2009
Transit,Transiting Exoplanet Survey Satellite (TESS),HD 25463,2023
Transit,K2,K2-32,2019
Transit,Kepler,KOI-1783,2020
Transit,Transiting Exoplanet Survey Satellite (TESS),TOI-1685,2021
Transit,HATNet,HAT-P-19,2010
Radial Velocity,Haute-Provence Observatory,HD 88986,2023
Transit,K2,K2-295,2018
Transit,Kepler,Kepler-20,2011
Transit,Transiting Exoplanet Survey Satellite (TESS),TOI-1842,2021
Transit,HATSouth,HATS-44,2018
Transit,Kepler,Kepler-22,2011
Transit,Transiting Exoplanet Survey Satellite (TESS),TOI-431,2021
Transit,Kepler,Kepler-45,2011
Transit,Transiting Exoplanet Survey Satellite (TESS),TOI-2046,2022
Transit,Kepler,Kepler-20,2011
Transit,HATNet,HAT-P-16,2010
Transit,Transiting Exoplanet Survey Satellite (TESS),HD 86226,2020
Transit,Transiting Exoplanet Survey Satellite (TESS),TOI-5398,2023
Transit,HATSouth,HATS-29,2016
Transit,Transiting Exoplanet Survey Satellite (TESS),HD 332231,2020
Transit,K2,K2-38,2016
Transit,Kepler,Kepler-106,2014
Transit,Kepler,Kepler-26,2011
Transit,Kepler,Kepler-422,2014
Transit,Transiting Exoplanet Survey Satellite (TESS),TOI-1052,2023
Transit,Multiple Observatories,HD 110067,2023
Transit,K2,K2-136,2017
Transit,Kepler,Kepler-48,2012
Transit,Transiting Exoplanet Survey Satellite (TESS),TOI-2498,2023
Transit,Kepler,Kepler-48,2012
Transit,Transiting Exoplanet Survey Satellite (TESS),TOI-3568,2024
Transit,CoRoT,CoRoT-14,2010
Transit,CoRoT,CoRoT-2,2008
Transit,K2,K2-24,2016
Transit,Kepler,Kepler-427,2014
Transit,Transiting Exoplanet Survey Satellite (TESS),TOI-1269,2024
Transit,Transiting Exoplanet Survey Satellite (TESS),TOI-199,2023
Transit,K2,EPIC 220674823,2016
Radial Velocity,W. M. Keck Observatory,GJ 414 A,2021
Transit,K2,K2-136,2017
Transit,K2,K2-415,2023
Transit,Kepler,KOI-94,2013
Transit,Kepler,Kepler-428,2014
Transit,Kepler,Kepler-6,2009
Transit,K2,K2-290,2019
Transit,KELT,KELT-2 A,2012
Transit,Kepler,Kepler-131,2014
Transit,Kepler,Kepler-419,2014
Transit,HATSouth,HATS-13,2015
Transit,Transiting Exoplanet Survey Satellite (TESS),HD 22946,2023
Transit,K2,K2-263,2018
Transit,KELT-South,KELT-10,2016
Transit,Transiting Exoplanet Survey Satellite (TESS),TOI-1472,2024
Transit,Transiting Exoplanet Survey Satellite (TESS),HD 22946,2022
Transit,Kepler,Kepler-53,2012
Transit,Transiting Exoplanet Survey Satellite (TESS),TOI-220,2021
Transit,HATNet,HAT-P-27,2011
Transit,HATSouth,HATS-33,2016
Transit,HATSouth,HATS-6,2015
Transit,K2,K2-79,2016
Transit,Kepler,Kepler-107,2014
Transit,Transiting Exoplanet Survey Satellite (TESS),TOI-4551,2023
Transit,Transiting Exoplanet Survey Satellite (TESS),TOI-4641,2023
Transit,K2,K2-29,2016
Transit,Multiple Observatories,Lupus-TR-3,2007
Transit,HATNet,HAT-P-49,2014
Transit,HATSouth,HATS-15,2016
Transit,OGLE,OGLE-TR-182,2007
Transit,Transiting Exoplanet Survey Satellite (TESS),TOI-1634,2021
Transit,Transiting Exoplanet Survey Satellite (TESS),TOI-431,2021
Transit,Transiting Exoplanet Survey Satellite (TESS),TOI-4600,2023
Transit,HATSouth,HATS-39,2018
Transit,Transiting Exoplanet Survey Satellite (TESS),HD 63935,2021
Transit,Kepler,KOI-94,2013
Transit,Kepler,Kepler-1661,2020
Transit,Kepler,Kepler-406,2014
Transit,Kepler,Kepler-93,2014
Transit,HATSouth,HATS-31,2016
Transit,Transiting Exoplanet Survey Satellite (TESS),TOI-1753,2024
Transit,HATNet,HAT-P-44,2014
Transit,HATNet,HAT-P-39,2012
Transit,HATSouth,HATS-53,2017
Transit,K2,K2-291,2019
Transit,Kepler,Kepler-1876,2021
Transit,Transiting Exoplanet Survey Satellite (TESS),TOI-1130,2020
Transit,Transiting Exoplanet Survey Satellite (TESS),TOI-1439,2024
Transit,HATNet,HAT-P-22,2010
Transit,Kepler,Kepler-1972,2014
Transit,Transiting Exoplanet Survey Satellite (TESS),TOI-1516,2022
Transit,Kepler,Kepler-80,2014
Transit,HATNet,HAT-P-17,2010
Transit,HATNet,HAT-P-30,2011
Transit,Transiting Exoplanet Survey Satellite (TESS),TOI-1249,2024
Transit,Transiting Exoplanet Survey Satellite (TESS),TOI-1296,2021
Transit,Transiting Exoplanet Survey Satellite (TESS),TOI-1347,2024
Transit,Transiting Exoplanet Survey Satellite (TESS),TOI-1470,2023
Transit,HATSouth,HATS-34,2016
Transit,Transiting Exoplanet Survey Satellite (TESS),HD 235088,2023
Transit,Kepler,Kepler-109,2014
Transit,Kepler,Kepler-26,2011
Transit,Kepler,Kepler-57,2012
Transit,Kepler,Kepler-177,2013
Transit,Transiting Exoplanet Survey Satellite (TESS),LTT 1445 A,2022
Transit,Transiting Exoplanet Survey Satellite (TESS),TOI-1670,2022
Transit,Transiting Exoplanet Survey Satellite (TESS),TOI-2589,2023
Transit,Transiting Exoplanet Survey Satellite (TESS),TOI-3894,2024
Transit,K2,K2-33,2016
Transit,Transiting Exoplanet Survey Satellite (TESS),TOI-4153,2024
Transit,Transiting Exoplanet Survey Satellite (TESS),TOI-5232,2024
Transit,Kepler,Kepler-53,2012
Transit,Transiting Exoplanet Survey Satellite (TESS),TOI-1468,2022
Transit,K2,K2-138,2017
Transit,Kepler,Kepler-307,2013
Transit,Transiting Exoplanet Survey Satellite (TESS),TOI-4379,2024
Transit,CoRoT,CoRoT-24,2014
Transit,HATNet,HAT-P-29,2011
Transit,HATNet,HAT-P-46,2014
Transit,Kepler,Kepler-103,2014
Transit,Kepler,Kepler-60,2012
Transit,Transiting Exoplanet Survey Satellite (TESS),TOI-1410,2024
Transit,Transiting Exoplanet Survey Satellite (TESS),TOI-4406,2023
Transit,K2,GJ 9827,2017
Transit,K2,K2-10,2015
Transit,Kepler,Kepler-15,2011
Transit,Kepler,Kepler-412,2014
Transit,Kepler,Kepler-62,2013
Transit,La Silla Observatory,POTS-1,2013
Transit,CoRoT,CoRoT-5,2009
Transit,Transiting Exoplanet Survey Satellite (TESS),TOI-1194,2023
Transit Timing Variations,Transiting Exoplanet Survey Satellite (TESS),TOI-1408,2024
Transit,K2,K2-180,2018
Transit,Transiting Exoplanet Survey Satellite (TESS),TOI-2076,2021
Transit,K2,GJ 9827,2017
Transit,K2,K2-280,2018
Transit,HATNet,HAT-P-38,2012
Transit,Kepler,Kepler-1705,2014
Transit,HATNet,HAT-P-34,2011
Transit,HATNet,HAT-P-35,2011
Transit,HATSouth,HATS-27,2016
Transit,K2,K2-233,2018
Transit,HATSouth,HATS-8,2015
Transit,Transiting Exoplanet Survey Satellite (TESS),TOI-2128,2024
Transit,Transiting Exoplanet Survey Satellite (TESS),TOI-2141,2023
Transit,Transiting Exoplanet Survey Satellite (TESS),TOI-260,2024
Transit,Transiting Exoplanet Survey Satellite (TESS),HD 6061,2023
Transit,Transiting Exoplanet Survey Satellite (TESS),HD 22946,2022
Transit,HATSouth,HATS-10,2015
Transit,HATSouth,HATS-35,2016
Transit,K2,HD 73344,2024
Transit,Kepler,Kepler-406,2014
Transit,Transiting Exoplanet Survey Satellite (TESS),TOI-1411,2022
Transit,Transiting Exoplanet Survey Satellite (TESS),HD 25463,2023
Transit,K2,HD 3167,2016
Transit,Kepler,Kepler-105,2013
Transit,Kepler,Kepler-56,2012
Transit,Transiting Exoplanet Survey Satellite (TESS),TOI-5786,2025
Transit,Multiple Observatories,HD 110067,2023
Transit,K2,K2-24,2016
Transit,Kepler,Kepler-62,2013
Transit,Transiting Exoplanet Survey Satellite (TESS),TOI-4329,2022
Transit,Transiting Exoplanet Survey Satellite (TESS),TOI-559,2021
Transit,HATNet,HAT-P-66,2016
Transit,Kepler,Kepler-27,2011
Transit,Transiting Exoplanet Survey Satellite (TESS),GJ 143,2019
Transit,HATNet,HAT-P-8,2008
Transit,K2,K2-19,2015
Transit,KELT,KELT-7,2015
Transit,Transiting Exoplanet Survey Satellite (TESS),TIC 46432937,2024
Transit,Transiting Exoplanet Survey Satellite (TESS),TOI-1823,2024
Transit,CoRoT,CoRoT-13,2010
Transit,CoRoT,CoRoT-21,2012
Transit,Kepler,Kepler-16,2011
Transit,Kepler,Kepler-74,2013
Transit,Kepler,PH1,2012
Transit,Transiting Exoplanet Survey Satellite (TESS),LTT 9779,2020
Transit,Transiting Exoplanet Survey Satellite (TESS),TOI-1749,2021
Transit,Transiting Exoplanet Survey Satellite (TESS),NGTS-30,2024
Transit,Transiting Exoplanet Survey Satellite (TESS),TOI-1294,2024
Transit,Transiting Exoplanet Survey Satellite (TESS),TOI-178,2021
Transit,K2,EPIC 220674823,2016
Transit,Transiting Exoplanet Survey Satellite (TESS),HIP 97166,2021
Transit,Kepler,Kepler-11,2010
Transit,Kepler,Kepler-11,2010
Transit,Transiting Exoplanet Survey Satellite (TESS),TIC 279401253,2023
Transit,Transiting Exoplanet Survey Satellite (TESS),HD 28109,2022
Transit,Transiting Exoplanet Survey Satellite (TESS),L 168-9,2020
Transit,CoRoT,CoRoT-17,2011
Transit,Transiting Exoplanet Survey Satellite (TESS),TOI-270,2019
Transit,CoRoT,CoRoT-18,2011
Transit,HATNet,HAT-P-28,2011
Transit,Transiting Exoplanet Survey Satellite (TESS),TOI-178,2021
Transit,K2,K2-287,2018
Transit,Kepler,Kepler-1705,2021
Transit,Kepler,Kepler-1972,2014
Transit,Kepler,Kepler-453,2015
Transit,Kepler,Kepler-58,2012
Transit,Kepler,Kepler-79,2012
Transit,Kepler,Kepler-95,2014
Transit,Transiting Exoplanet Survey Satellite (TESS),TOI-1259 A,2021
Transit,Transiting Exoplanet Survey Satellite (TESS),TOI-1273,2024
Transit,Transiting Exoplanet Survey Satellite (TESS),TOI-201,2021
Transit,Transiting Exoplanet Survey Satellite (TESS),TOI-4504,2024
Transit,Transiting Exoplanet Survey Satellite (TESS),TOI-4633,2024
Transit,HATNet,HAT-P-55,2015
Transit,Transiting Exoplanet Survey Satellite (TESS),HD 183579,2021
Transit,Transiting Exoplanet Survey Satellite (TESS),HIP 8152,2023
Transit,Kepler,Kepler-37,2013
Transit,HATNet,HAT-P-4,2007
Transit,Kepler,Kepler-58,2012
Transit,Kepler,Kepler-80,2012
Transit,Transiting Exoplanet Survey Satellite (TESS),TOI-2373,2023
Transit,KELT,KELT-8,2015
Transit,Kepler,Kepler-117,2014
Transit,Kepler,Kepler-23,2011
Transit,Kepler,Kepler-30,2012
Transit,Transiting Exoplanet Survey Satellite (TESS),TOI-3071,2024
Transit,Transiting Exoplanet Survey Satellite (TESS),TOI-4582,2023
Transit,Transiting Exoplanet Survey Satellite (TESS),TOI-5076,2024
Transit,HATSouth,HATS-45,2018
Transit,Kepler,Kepler-408,2014
Transit,Transiting Exoplanet Survey Satellite (TESS),TOI-1444,2021
Transit,CoRoT,CoRoT-26,2013
Transit,Kepler,KOI-1783,2020
Transit,Kepler,Kepler-35,2011
Transit,Kepler,Kepler-91,2013
Transit,Kepler,Kepler-102,2014
Transit,Kepler,Kepler-23,2014
Transit,K2,K2-138,2017
Transit,Kepler,Kepler-407,2014
Transit,Kepler,Kepler-539,2016
Transit,Kepler,Kepler-77,2013
Transit,Qatar,Qatar-8,2019
Transit,CoRoT,CoRoT-4,2008
Transit,Kepler,Kepler-129,2014
Transit,Kepler,Kepler-177,2013
Transit,Qatar,Qatar-4,2017
Transit,Transiting Exoplanet Survey Satellite (TESS),TOI-163,2019
Transit,CoRoT,CoRoT-27,2014
Transit,HATNet,HAT-P-50,2015
Transit,Transiting Exoplanet Survey Satellite (TESS),HD 42813,2023
Transit,Transiting Exoplanet Survey Satellite (TESS),HD 77946,2024
Transit,Kepler,Kepler-106,2014
Transit,Kepler,Kepler-79,2012
Transit,Transiting Exoplanet Survey Satellite (TESS),TOI-2338,2023
Radial Velocity,W. M. Keck Observatory,HD 209458,1999
Transit,Kepler,Kepler-19,2011
Transit,Kepler,Kepler-21,2012
Transit,Kepler,Kepler-98,2014
Transit,Transiting Exoplanet Survey Satellite (TESS),TOI-2202,2021
Transit,HATSouth,HATS-50,2017
Transit,K2,K2-38,2016
Transit,HATSouth,HATS-1,2012
Transit,Kepler,Kepler-102,2014
Transit,Transiting Exoplanet Survey Satellite (TESS),TIC 172900988 Aa,2021
Transit,Transiting Exoplanet Survey Satellite (TESS),TOI-4914,2024
Transit,HATNet,HAT-P-37,2011
Transit,Multiple Observatories,HD 110067,2023
Transit,Kepler,Kepler-46,2012
Transit,Kepler,Kepler-9,2010
Transit,CoRoT,CoRoT-28,2015
Transit,Transiting Exoplanet Survey Satellite (TESS),HIP 8152,2023
Transit,K2,K2-237,2018
Transit,Kepler,Kepler-433,2015
Transit,Kepler,KOI-142,2013
Transit,Kepler,Kepler-32,2011
Transit,Kepler,Kepler-418,2014
Transit,Kepler,Kepler-79,2014
Transit,Transiting Exoplanet Survey Satellite (TESS),TOI-1443,2024
Transit,Transiting Exoplanet Survey Satellite (TESS),TOI-244,2023
Transit,Transiting Exoplanet Survey Satellite (TESS),TOI-2977,2023
Transit,Transiting Exoplanet Survey Satellite (TESS),TOI-4600,2023
Transit,Transiting Exoplanet Survey Satellite (TESS),TOI-628,2021
Transit,CoRoT,CoRoT-36,2022
Transit,HATNet,HAT-P-51,2015
Transit,Kepler,Kepler-30,2012
Transit,Kepler,Kepler-425,2014
Transit,Kepler,Kepler-538,2016
Transit,Kepler,Kepler-85,2012
Transit,Transiting Exoplanet Survey Satellite (TESS),TOI-2525,2023
Radial Velocity,W. M. Keck Observatory,HD 97658,2010
Transit,Kepler,Kepler-68,2013
Transit,HATNet,HAT-P-26,2010
Transit,Kepler,Kepler-109,2014
Transit,Transiting Exoplanet Survey Satellite (TESS),TOI-1776,2024
Radial Velocity,Subaru Telescope,HD 149026,2005
Transit,Transiting Exoplanet Survey Satellite (TESS),TOI-2981,2024
Transit,Kepler,Kepler-52,2012
Transit,Kepler,Kepler-78,2013
Transit,Kepler,Kepler-94,2014
Transit,Transiting Exoplanet Survey Satellite (TESS),TOI-2088,2024
Transit,Kepler,Kepler-167,2016
Transit,Transiting Exoplanet Survey Satellite (TESS),TOI-1347,2024
Transit,Kepler,Kepler-289,2014
Transit,Transiting Exoplanet Survey Satellite (TESS),TOI-1836,2024
Transit,K2,K2-114,2017
Transit,Transiting Exoplanet Survey Satellite (TESS),TOI-178,2021
Transit,Transiting Exoplanet Survey Satellite (TESS),TOI-2184,2022
Transit,Transiting Exoplanet Survey Satellite (TESS),TOI-4377,2023
Transit,K2,GJ 9827,2017
Transit,Transiting Exoplanet Survey Satellite (TESS),HD 63433,2020
Transit,KELT-South,KELT-11,2017
Transit,Kepler,Kepler-128,2013
Transit,Kepler,Kepler-57,2012
Transit,Transiting Exoplanet Survey Satellite (TESS),TOI-1248,2024
Transit,K2,K2-111,2017
Transit,Kepler,Kepler-103,2014
Transit,Transiting Exoplanet Survey Satellite (TESS),TOI-1235,2020
Transit,Transiting Exoplanet Survey Satellite (TESS),TOI-251,2021
Transit,HATSouth,HATS-57,2019
Transit,K2,K2-146,2018
Transit,K2,K2-199,2018
Transit,Kepler,Kepler-17,2011
Transit,Transiting Exoplanet Survey Satellite (TESS),TOI-2076,2021
Transit,HATNet,HAT-P-31,2011
Transit,Transiting Exoplanet Survey Satellite (TESS),HIP 94235,2022
Transit,Kepler,Kepler-107,2014
Transit,Kepler,Kepler-1708,2021
Transit,Transiting Exoplanet Survey Satellite (TESS),TOI-2076,2021
Transit,HATNet,HAT-P-45,2014
Transit,Transiting Exoplanet Survey Satellite (TESS),HD 152843,2021
Transit,Transiting Exoplanet Survey Satellite (TESS),HD 15337,2019
Transit,KELT,KELT-16,2017
Transit,Kepler,Kepler-101,2014
Transit,Transiting Exoplanet Survey Satellite (TESS),HD 213885,2019
Transit,Transiting Exoplanet Survey Satellite (TESS),HD 28109,2022
Transit,Kepler,Kepler-23,2011
Transit,Kepler,Kepler-32,2011
Transit,Next-Generation Transit Survey (NGTS),NGTS-6,2019
Transit,Transiting Exoplanet Survey Satellite (TESS),TOI-544,2022
Transit,Transiting Exoplanet Survey Satellite (TESS),LHS 1478,2021
Transit,K2,K2-141,2018
Transit,Kepler,Kepler-29,2011
Transit,Kepler,Kepler-40,2010
Transit,CoRoT,CoRoT-29,2015
Transit,HATSouth,HATS-5,2014
Transit,HATSouth,HATS-52,2017
Transit,Kepler,Kepler-41,2011
Transit,Kepler,Kepler-75,2013
Transit,Transiting Exoplanet Survey Satellite (TESS),TOI-1246,2022
Transit,K2,K2-31,2016
Transit,Kepler,Kepler-100,2014
Transit,Kepler,Kepler-447,2015
Transit,Transiting Exoplanet Survey Satellite (TESS),TOI-178,2021
Transit,HATNet,HAT-P-56,2015
Transit,Transiting Exoplanet Survey Satellite (TESS),HD 93963 A,2022
Transit,Qatar,Qatar-1,2010
Transit,Transiting Exoplanet Survey Satellite (TESS),TOI-1386,2024
Transit,Transiting Exoplanet Survey Satellite (TESS),TOI-1820,2022
Transit,Transiting Exoplanet Survey Satellite (TESS),TOI-2374,2024
Transit,Transiting Exoplanet Survey Satellite (TESS),TOI-1075,2022
Transit,Transiting Exoplanet Survey Satellite (TESS),TOI-421,2020
Transit,HATNet,HAT-P-52,2015
Transit,Multiple Observatories,HD 110067,2023
Transit,K2,K2-265,2018
Transit,Next-Generation Transit Survey (NGTS),NGTS-4,2019
Transit,Transiting Exoplanet Survey Satellite (TESS),TOI-1601,2021
Transit,Transiting Exoplanet Survey Satellite (TESS),TOI-481,2020
Transit,Transiting Exoplanet Survey Satellite (TESS),TOI-5005,2024
Transit,K2,K2-233,2018
Transit,Transiting Exoplanet Survey Satellite (TESS),HD 221416,2019
Radial Velocity,McDonald Observatory,55 Cnc,2004
Transit,Kepler,Kepler-28,2011
Orbital Brightness Modulation,Kepler,Kepler-76,2013
Transit,Transiting Exoplanet Survey Satellite (TESS),TOI-1199,2024
Radial Velocity,Haute-Provence Observatory,HD 189733,2005
Transit,K2,K2-266,2018
Transit,HATNet,HAT-P-36,2011
Transit,K2,K2-131,2017
Transit,Kepler,KOI-94,2013
Transit,Kepler,Kepler-102,2013
Transit,Kepler,Kepler-106,2014
Transit,KELT,KELT-3,2013
Transit,Kepler,Kepler-24,2011
Transit,Kepler,Kepler-80,2014
Transit,CoRoT,CoRoT-19,2011
Transit,Kepler,Kepler-128,2013
Transit,Kepler,Kepler-289,2014
Transit,Kepler,Kepler-454,2015
Transit,HATSouth,HATS-14,2015
Transit,K2,K2-18,2015
Transit,Transiting Exoplanet Survey Satellite (TESS),GJ 3090,2022
Transit,Kepler,Kepler-117,2014
Transit,HATSouth,HATS-28,2016
Transit,HATSouth,HATS-42,2018
Transit,Transiting Exoplanet Survey Satellite (TESS),TOI-1437,2024
Transit,Transiting Exoplanet Survey Satellite (TESS),TOI-2107,2024
Transit,HATSouth,HATS-4,2014
Transit,Kepler,Kepler-24,2011
Transit,Transiting Exoplanet Survey Satellite (TESS),TOI-1694,2023
Transit,Transiting Exoplanet Survey Satellite (TESS),TOI-332,2023
Transit,Transiting Exoplanet Survey Satellite (TESS),HD 63433,2020
Transit,K2,K2-115,2017
Transit,K2,K2-39,2016
Transit,Kepler,Kepler-37,2013
Transit,Transiting Exoplanet Survey Satellite (TESS),TOI-1670,2022
Transit,Transiting Exoplanet Survey Satellite (TESS),HD 93963 A,2022
Transit,K2,K2-141,2018
Transit,K2,EPIC 229004835,2023
Transit,Kepler,Kepler-107,2014
Transit,Kepler,Kepler-43,2011
Transit,Kepler,Kepler-49,2012
Transit,Next-Generation Transit Survey (NGTS),NGTS-10,2020
Transit,Transiting Exoplanet Survey Satellite (TESS),TOI-1451,2024
Transit,Transiting Exoplanet Survey Satellite (TESS),TOI-1794,2024
Transit,Transiting Exoplanet Survey Satellite (TESS),TOI-2109,2021
Transit,European Space Agency (ESA) Gaia Satellite,Gaia-2,2022
Transit,Kepler,Kepler-107,2014
Transit,Kepler,Kepler-323,2014
Transit,Kepler,Kepler-62,2013
Transit,Transiting Exoplanet Survey Satellite (TESS),TOI-2018,2023
Transit,Transiting Exoplanet Survey Satellite (TESS),TOI-480,2024
Transit,K2,BD+20 594,2016
Transit,K2,K2-182,2018
Transit,Transiting Exoplanet Survey Satellite (TESS),TOI-2145,2023
Transit,HATNet,HAT-P-18,2010
Radial Velocity,Subaru Telescope,HD 17156,2007
Transit,Next-Generation Transit Survey (NGTS),NGTS-14 A,2021
Transit,Transiting Exoplanet Survey Satellite (TESS),NGTS-20,2022
Transit,Transiting Exoplanet Survey Satellite (TESS),TOI-530,2021
Transit,HATSouth,HATS-3,2013
Transit,Kepler,Kepler-56,2012
Transit,OGLE,OGLE-TR-132,2004
Transit,Transiting Exoplanet Survey Satellite (TESS),TOI-1789,2021
Transit,HATSouth,HATS-16,2016
Transit,Transiting Exoplanet Survey Satellite (TESS),HD 2685,2019
Transit,Qatar,Qatar-9,2019
Transit,Transiting Exoplanet Survey Satellite (TESS),TOI-1130,2020
Transit,Transiting Exoplanet Survey Satellite (TESS),TOI-1807,2021
Transit,Transiting Exoplanet Survey Satellite (TESS),TOI-3919,2024
Transit,K2,K2-97,2016
Transit,Kepler,Kepler-30,2012
Transit,Kepler,Kepler-60,2012
Transit,Transiting Exoplanet Survey Satellite (TESS),TOI-1279,2024
Transit,Transiting Exoplanet Survey Satellite (TESS),TOI-1468,2022
Transit,Transiting Exoplanet Survey Satellite (TESS),TOI-1742,2024
Transit,Kepler,Kepler-100,2014
Transit,Transiting Exoplanet Survey Satellite (TESS),TOI-1470,2023
Transit,Transiting Exoplanet Survey Satellite (TESS),TOI-1696,2022
Transit,Transiting Exoplanet Survey Satellite (TESS),TOI-2447,2024
Transit,Transiting Exoplanet Survey Satellite (TESS),TOI-150,2019
Transit,K2,K2-36,2016
Transit,Kepler,KOI-3680,2018
Transit,Transiting Exoplanet Survey Satellite (TESS),TOI-2019,2024
Transit,CoRoT,CoRoTID 223977153,2017
Transit,K2,K2-36,2016
Transit,Transiting Exoplanet Survey Satellite (TESS),TOI-6255,2024
Transit,HATNet,HAT-P-40,2012
Transit,HATSouth,HATS-58 A,2019
Transit,Kepler,Kepler-5,2009
Transit,Transiting Exoplanet Survey Satellite (TESS),TOI-178,2021
Transit,CoRoT,CoRoT-7,2009
Transit,HATSouth,HATS-30,2016
Transit,Kepler,Kepler-113,2014
Transit,OGLE,OGLE-TR-56,2002
Transit,K2,K2-136,2017
Transit,Kepler,Kepler-85,2012
Radial Velocity,W. M. Keck Observatory,GJ 414 A,2021
Transit,HATNet,HAT-P-42,2012
Transit,Kepler,KOI-1257,2014
Transit,HATNet,HAT-P-14,2010
Transit,K2,HD 89345,2018
Transit,Kepler,Kepler-10,2011
Transit,Kepler,Kepler-11,2010
Transit,Kepler,Kepler-63,2013
Transit,Transiting Exoplanet Survey Satellite (TESS),LP 714-47,2020
Transit,Next-Generation Transit Survey (NGTS),NGTS-25,2022
Transit,Transiting Exoplanet Survey Satellite (TESS),TOI-5398,2022
Transit,CoRoT,CoRoT-10,2010
Transit,HATSouth,HATS-22,2017
Transit,KELT,KELT-6,2014
Transit,HATNet,HAT-P-65,2016
Transit,K2,HD 106315,2017
Transit,Transiting Exoplanet Survey Satellite (TESS),HIP 9618,2023
Transit,K2,K2-12,2015
Transit,Kepler,Kepler-36,2012
Transit,Kepler,Kepler-432,2015
Transit,OGLE,OGLE2-TR-L9,2008
Radial Velocity,Haute-Provence Observatory,HD 118203,2005
Transit,K2,K2-19,2015
Transit,K2,K2-199,2018
Transit,Kepler,Kepler-36,2012
Transit,Transiting Exoplanet Survey Satellite (TESS),TIC 241249530,2024
Transit,K2,K2-138,2017
Transit,K2,K2-146,2019
Transit,Kepler,Kepler-409,2014
Transit,Transiting Exoplanet Survey Satellite (TESS),TOI-286,2024
Transit,Transiting Exoplanet Survey Satellite (TESS),HD 207897,2021
Transit,K2,K2-238,2018
Transit,Kepler,Kepler-434,2015
Transit,Kepler,Kepler-9,2010
Transit,Transiting Exoplanet Survey Satellite (TESS),TOI-1333,2021
Transit,Transiting Exoplanet Survey Satellite (TESS),TOI-286,2024
Transit,Transiting Exoplanet Survey Satellite (TESS),TOI-6038 A,2025
Transit,Kepler,Kepler-11,2010
Transit,Kepler,Kepler-29,2011
Transit,Transiting Exoplanet Survey Satellite (TESS),TOI-5720,2024
Transit,HATSouth,HATS-7,2015
Transit,Kepler,Kepler-38,2012
Transit,Qatar,Qatar-3,2017
Transit,HATNet,HAT-P-3,2007
Transit,HATSouth,HATS-25,2016
Transit,Kepler,Kepler-289,2014
Transit,OGLE,OGLE-TR-10,2004
Radial Velocity,La Silla Observatory,GJ 3470,2012
Transit,Kepler,Kepler-14,2011
Transit,Kepler,Kepler-34,2011
Transit,Kepler,Kepler-62,2013
Transit,Next-Generation Transit Survey (NGTS),NGTS-24,2022
Transit,Kepler,Kepler-1658,2019
Transit,Transiting Exoplanet Survey Satellite (TESS),TOI-1181,2022
Transit,Transiting Exoplanet Survey Satellite (TESS),TOI-270,2019
Transit,Transiting Exoplanet Survey Satellite (TESS),GJ 806,2023
Transit,Kepler,Kepler-968,2021
Transit,Kepler,Kepler-51,2012
Transit,Transiting Exoplanet Survey Satellite (TESS),TOI-1450 A,2024
Transit,Transiting Exoplanet Survey Satellite (TESS),TOI-1811,2023
Transit,Transiting Exoplanet Survey Satellite (TESS),TOI-1898,2024
Transit,HATSouth,HATS-43,2018
Transit,K2,K2-32,2016
Transit,Kepler,Kepler-18,2011
Transit,Kepler,Kepler-423,2014
Transit,Kepler,Kepler-8,2010
Transit,Kepler,Kepler-87,2013
Transit,K2,EPIC 246851721,2018
Transit,Kepler,Kepler-324,2021
Transit,Kepler,Kepler-31,2014
Transit,Transiting Exoplanet Survey Satellite (TESS),TOI-270,2019
Transit,Transiting Exoplanet Survey Satellite (TESS),TOI-5108,2025
Transit,Kepler,Kepler-96,2014
Transit,Transiting Exoplanet Survey Satellite (TESS),TOI-1853,2023
Transit,Transiting Exoplanet Survey Satellite (TESS),TOI-1801,2023
Transit,Kepler,Kepler-60,2012
Transit,Qatar,Qatar-5,2017
Transit,Kepler,KOI-3503,2021
Transit,Kepler,Kepler-10,2011
Transit,OGLE,OGLE-TR-211,2007
Transit,Transiting Exoplanet Survey Satellite (TESS),TOI-1749,2021
Transit,Transiting Exoplanet Survey Satellite (TESS),TOI-1855,2024
Transit,Transiting Exoplanet Survey Satellite (TESS),TOI-2154,2023
Transit,HATSouth,HATS-41,2018
Transit,K2,K2-98,2016
Transit,Transiting Exoplanet Survey Satellite (TESS),TOI-1710,2022
Transit,Transiting Exoplanet Survey Satellite (TESS),TOI-2529,2024
Transit,Transiting Exoplanet Survey Satellite (TESS),TOI-5301,2024
Transit,K2,K2-416,2023
Transit,Transiting Exoplanet Survey Satellite (TESS),TOI-1246,2022
Transit,K2,K2-32,2016
Transit,Kepler,Kepler-1647,2016
Transit,Transiting Exoplanet Survey Satellite (TESS),HD 18599,2022
Transit,Kepler,Kepler-105,2014
Transit,Kepler,Kepler-49,2012
Transit,Next-Generation Transit Survey (NGTS),NGTS-2,2018
Transit,Transiting Exoplanet Survey Satellite (TESS),TOI-1736,2023
Transit,HATNet,HAT-P-11,2008
Radial Velocity,Paranal Observatory,HD 42813,2023
Transit,Transiting Exoplanet Survey Satellite (TESS),TOI-1288,2022
Transit,HATNet,HAT-P-15,2010
Transit,HATSouth,HATS-40,2018
Transit,Transiting Exoplanet Survey Satellite (TESS),HD 28109,2022
Transit,Kepler,Kepler-28,2011
Transit,Kepler,Kepler-48,2014
Transit,SuperWASP,WASP-14,2008
Transit,SuperWASP-South,WASP-129,2016
Transit,Transiting Exoplanet Survey Satellite (TESS),TOI-663,2024
Transit,SuperWASP,WASP-82,2015
Transit,SuperWASP-South,WASP-163,2018
Transit,SuperWASP-South,WASP-130,2016
Transit,SuperWASP,WASP-69,2014
Transit,SuperWASP,WASP-94 A,2014
Transit,Transiting Exoplanet Survey Satellite (TESS),TOI-969,2022
Transit,TrES,TrES-2,2006
Transit,SuperWASP-South,WASP-119,2016
Transit,SuperWASP-South,WASP-158,2018
Transit,SuperWASP-South,WASP-159,2018
Transit,SuperWASP,WASP-44,2011
Transit,Transiting Exoplanet Survey Satellite (TESS),TOI-757,2024
Transit,WASP-South,WASP-185,2019
Transit,WASP-South,WASP-192,2019
Transit,SuperWASP-South,WASP-164,2018
Transit,SuperWASP,WASP-72,2012
Transit,SuperWASP-North,WASP-113,2016
Transit,WASP-South,WASP-190,2019
Transit,SuperWASP,WASP-36,2011
Transit,K2,V1298 Tau,2019
Transit,TrES,TrES-4,2007
Transit,SuperWASP,WASP-135,2015
Transit,SuperWASP,WASP-52,2012
Transit,Transiting Exoplanet Survey Satellite (TESS),TOI-776,2020
Transit,SuperWASP-South,WASP-168,2018
Transit,Transiting Exoplanet Survey Satellite (TESS),HD 307842,2023
Transit,SuperWASP,WASP-54,2012
Transit,SuperWASP,WASP-60,2012
Transit,SuperWASP,WASP-7,2008
Transit,SuperWASP,WASP-6,2009
Transit,SuperWASP-South,WASP-145 A,2018
Transit,SuperWASP,WASP-41,2012
Transit,SuperWASP,WASP-49,2012
Transit,SuperWASP,WASP-63,2012
Transit,SuperWASP,WASP-65,2013
Transit,SuperWASP,WASP-123,2016
Transit,SuperWASP,WASP-56,2012
Transit,SuperWASP,WASP-117,2014
Transit,SuperWASP-South,WASP-139,2016
Transit,Transiting Exoplanet Survey Satellite (TESS),TOI-778,2023
Transit,SuperWASP,WASP-23,2010
Transit,SuperWASP,WASP-3,2007
Transit,SuperWASP,WASP-71,2012
Transit,Transiting Exoplanet Survey Satellite (TESS),TOI-677,2020
Transit,SuperWASP-South,WASP-144,2018
Transit,SuperWASP,WASP-10,2008
Transit,XO,XO-5,2008
Transit,SuperWASP,WASP-35,2011
Transit,SuperWASP-South,WASP-124,2016
Transit,SuperWASP,WASP-31,2010
Transit,Anglo-Australian Telescope,WASP-87,2016
Transit,SuperWASP,WASP-11,2008
Transit,SuperWASP-North,WASP-114,2016
Transit,SuperWASP,WASP-88,2014
Transit,Haleakala Observatory,Wendelstein-1,2020
Transit,Multiple Observatories,WASP-167,2017
Transit,SuperWASP,WASP-55,2012
Transit,SuperWASP,WASP-92,2016
Transit,XO,XO-1,2006
Transit,SuperWASP,WASP-20,2015
Transit,SuperWASP,WASP-2,2007
Transit,SuperWASP,WASP-101,2014
Transit,SuperWASP,WASP-48,2011
Transit,SuperWASP,WASP-24,2010
Transit,WASP-South,WASP-184,2019
Transit,SuperWASP,WASP-100,2014
Transit,SuperWASP,WASP-45,2011
Transit,SuperWASP-North,WASP-176,2020
Transit,XO,XO-3,2007
Transit,SuperWASP,WASP-186,2020
Transit,Transiting Exoplanet Survey Satellite (TESS),TOI-762 A,2024
Transit,SuperWASP-South,WASP-173 A,2018
Transit,SuperWASP,WASP-183,2019
Transit,SuperWASP,WASP-5,2008
Transit,SuperWASP,WASP-13,2009
Transit,SuperWASP,WASP-180 A,2019
Transit,Transiting Exoplanet Survey Satellite (TESS),TOI-824,2020
Transit,SuperWASP-North,WASP-148,2020
Transit,SuperWASP,WASP-73,2014
Transit,SuperWASP,WASP-95,2014
Transit,SuperWASP,WASP-89,2015
Transit,SuperWASP,WASP-156,2017
Transit,SuperWASP,WASP-26,2010
Transit,SuperWASP-South,WASP-142,2016
Transit,SuperWASP-North,WASP-150,2020
Transit,SuperWASP,WASP-22,2010
Transit,WASP-South,WASP-169,2019
Transit,Transiting Exoplanet Survey Satellite (TESS),TOI-837,2020
Transit,SuperWASP,WASP-32,2010
Transit,TrES,TrES-3,2007
Transit,SuperWASP,WASP-66,2012
Transit,SuperWASP-South,WASP-162,2018
Transit,SuperWASP-South,WASP-105,2017
Transit,SuperWASP,WASP-99,2014
Transit,Transiting Exoplanet Survey Satellite (TESS),TOI-6383 A,2024
Transit,SuperWASP-South,WASP-133,2016
Transit,SuperWASP,WASP-75,2013
Transit,Transiting Exoplanet Survey Satellite (TESS),TOI-663,2024
Transit,SuperWASP,WASP-15,2009
Transit,SuperWASP,WASP-97,2014
Transit,SuperWASP,WASP-67,2012
Transit,Transiting Exoplanet Survey Satellite (TESS),TOI-849,2020
Transit,SuperWASP,WASP-16,2009
Transit,SuperWASP,WASP-106,2014
Transit,SuperWASP,WASP-90,2016
Transit,SuperWASP,WASP-93,2016
Transit,Transiting Exoplanet Survey Satellite (TESS),TOI-776,2020
Transit,SuperWASP,WASP-37,2010
Transit,SuperWASP,WASP-46,2011
Transit,SuperWASP,WASP-79,2012
Transit,Transiting Exoplanet Survey Satellite (TESS),TOI-763,2020
Transit,SuperWASP,WASP-38,2010
Transit,SuperWASP,WASP-59,2012
Transit,SuperWASP,WASP-80,2012
Transit,SuperWASP,WASP-61,2012
Transit,Transiting Exoplanet Survey Satellite (TESS),TOI-663,2024
Transit,SuperWASP,WASP-118,2016
Transit,SuperWASP-South,WASP-140,2016
Transit,Paranal Observatory,WASP-110,2021
Transit,SuperWASP-South,WASP-160 B,2018
Transit,Transiting Exoplanet Survey Satellite (TESS),TOI-763,2020
Transit,SuperWASP,WASP-138,2016
Transit,SuperWASP,WASP-96,2014
Transit,SuperWASP,WASP-187,2020
Transit,WASP-South,WASP-171,2019
Transit,WASP-South,WASP-182,2019
Transit,SuperWASP,WASP-25,2010
Transit,SuperWASP,WASP-4,2007
Transit,Haleakala Observatory,Wendelstein-2,2020
Transit,SuperWASP,WASP-74,2015
Transit,TrES,TrES-5,2011
Transit,SuperWASP,WASP-136,2016
Transit,Transiting Exoplanet Survey Satellite (TESS),TOI-892,2020
Transit,SuperWASP,WASP-104,2014
Transit,SuperWASP,WASP-34,2010
Transit,SuperWASP-South,WASP-141,2016
Transit,SuperWASP,WASP-177,2019
Transit,SuperWASP,WASP-70 A,2014
Transit,SuperWASP-South,WASP-91,2017
Transit,K2,WASP-85 A,2016
Transit,SuperWASP,WASP-43,2011
Transit,SuperWASP-South,WASP-147,2018
Transit,SuperWASP-South,WASP-161,2018
Transit,SuperWASP,WASP-103,2014
Transit,Lowell Observatory,XO-4,2010
Transit,SuperWASP,WASP-68,2014
Transit,SuperWASP,WASP-83,2015
Transit,SuperWASP-South,WASP-131,2016
Transit,SuperWASP,WASP-98,2014
Transit,United Kingdom Infrared Telescope,WTS-1,2012
Transit,Multiple Facilities,WASP-81,2017
Transit,SuperWASP,WASP-42,2012
Transit,SuperWASP,WASP-58,2012
Transit,SuperWASP,WASP-120,2016
Transit,SuperWASP-South,WASP-172,2018
Transit,SuperWASP,WASP-8,2010
Transit,TrES,TrES-1,2004
Transit,SuperWASP-South,WASP-170,2018
Transit,K2,Wolf 503,2018
Transit,SuperWASP-South,WASP-165,2018
Transit,SuperWASP,WASP-181,2019
Transit,United Kingdom Infrared Telescope,WTS-2,2014
Transit,WASP-South,WASP-175,2019
Transit,SuperWASP,WASP-50,2011
Transit,SuperWASP,WASP-57,2012
Transit,Transiting Exoplanet Survey Satellite (TESS),TOI-669,2023
Transit,SuperWASP,WASP-64,2012
Transit,SuperWASP,WASP-62,2012
Transit,SuperWASP,WASP-29,2010
Transit,Multiple Facilities,WASP-53,2017
